objectid,title,creator,description,date,subject,source,identifier,format_original,format,type,rights,rightsstatement,language,filename,display_template,object_location,image_small,image_thumb
coursecatalogs001,The University of Idaho Bulletin: Catalog Number 1912-1913 with Announcements for 1913-1914,University of Idaho,"Scan of course catalog booklet, Vol. VIII, No. 3",1913-03,catalogs,Special Collections and Archives Records,UICAT,Print booklet,application/pdf,Text,"Material has likely passed into public domain. Digital reproductions are made available by University of Idaho Library for educational purposes, and future use should acknowledge this repository. For more information, please contact University of Idaho Library Special Collections and Archives Department at libspec@uidaho.edu. The University of Idaho Library is not liable for any violations of the law by users.",https://creativecommons.org/publicdomain/mark/1.0/,eng,uicat_1913-1914.pdf,pdf,https://objects.lib.uidaho.edu/coursecatalogs/uicat_1913-1914.pdf,https://objects.lib.uidaho.edu/coursecatalogs/small/uicat_1913-1914_sm.jpg,https://objects.lib.uidaho.edu/coursecatalogs/thumbs/uicat_1913-1914_th.jpg
coursecatalogs002,The University of Idaho Bulletin: Catalog Number 1913-1914 with Announcements for 1914-1915,University of Idaho,"Scan of course catalog booklet, Vol. IX, No. 3",1914-04,catalogs,Special Collections and Archives Records,UICAT,Print booklet,application/pdf,Text,"Material has likely passed into public domain. Digital reproductions are made available by University of Idaho Library for educational purposes, and future use should acknowledge this repository. For more information, please contact University of Idaho Library Special Collections and Archives Department at libspec@uidaho.edu. The University of Idaho Library is not liable for any violations of the law by users.",https://creativecommons.org/publicdomain/mark/1.0/,eng,uicat_1914-1915.pdf,pdf,https://objects.lib.uidaho.edu/coursecatalogs/uicat_1914-1915.pdf,https://objects.lib.uidaho.edu/coursecatalogs/small/uicat_1914-1915_sm.jpg,https://objects.lib.uidaho.edu/coursecatalogs/thumbs/uicat_1914-1915_th.jpg
coursecatalogs003,The University of Idaho Bulletin: Annual Catalog 1916-1917 with Announcements for 1917-1918,University of Idaho,"Scan of course catalog booklet, Vol. XII, No. 2",1917-05,catalogs,Special Collections and Archives Records,UICAT,Print booklet,application/pdf,Text,"Material has likely passed into public domain. Digital reproductions are made available by University of Idaho Library for educational purposes, and future use should acknowledge this repository. For more information, please contact University of Idaho Library Special Collections and Archives Department at libspec@uidaho.edu. The University of Idaho Library is not liable for any violations of the law by users.",https://creativecommons.org/publicdomain/mark/1.0/,eng,uicat_1917-1918.pdf,pdf,https://objects.lib.uidaho.edu/coursecatalogs/uicat_1917-1918.pdf,https://objects.lib.uidaho.edu/coursecatalogs/small/uicat_1917-1918_sm.jpg,https://objects.lib.uidaho.edu/coursecatalogs/thumbs/uicat_1917-1918_th.jpg
coursecatalogs004,The University of Idaho Bulletin: Annual Catalog 1919-1920 with Announcements for 1920-1921,University of Idaho,"Scan of course catalog booklet, Vol. XV, No. 3",1920-05,catalogs,Special Collections and Archives Records,UICAT,Print booklet,application/pdf,Text,"Material has likely passed into public domain. Digital reproductions are made available by University of Idaho Library for educational purposes, and future use should acknowledge this repository. For more information, please contact University of Idaho Library Special Collections and Archives Department at libspec@uidaho.edu. The University of Idaho Library is not liable for any violations of the law by users.",https://creativecommons.org/publicdomain/mark/1.0/,eng,uicat_1920-1921.pdf,pdf,https://objects.lib.uidaho.edu/coursecatalogs/uicat_1920-1921.pdf,https://objects.lib.uidaho.edu/coursecatalogs/small/uicat_1920-1921_sm.jpg,https://objects.lib.uidaho.edu/coursecatalogs/thumbs/uicat_1920-1921_th.jpg
coursecatalogs005,The University of Idaho Bulletin: Annual Catalog 1924-1925 with Announcements for 1925-1926,University of Idaho,"Scan of course catalog booklet, Vol. XX, No. 15",1925-04,catalogs,Special Collections and Archives Records,UICAT,Print booklet,application/pdf,Text,"Material has likely passed into public domain. Digital reproductions are made available by University of Idaho Library for educational purposes, and future use should acknowledge this repository. For more information, please contact University of Idaho Library Special Collections and Archives Department at libspec@uidaho.edu. The University of Idaho Library is not liable for any violations of the law by users.",https://creativecommons.org/publicdomain/mark/1.0/,eng,uicat_1925-1926.pdf,pdf,https://objects.lib.uidaho.edu/coursecatalogs/uicat_1925-1926.pdf,https://objects.lib.uidaho.edu/coursecatalogs/small/uicat_1925-1926_sm.jpg,https://objects.lib.uidaho.edu/coursecatalogs/thumbs/uicat_1925-1926_th.jpg
coursecatalogs006,The University of Idaho Bulletin: Annual Catalog 1927-1928 with Announcements for 1928-1929,University of Idaho,"Scan of course catalog booklet, Vol. XXIII, No. 16",1928-05,catalogs,Special Collections and Archives Records,UICAT,Print booklet,application/pdf,Text,"In copyright, educational use permitted. Educational use includes non-commercial reproduction of text and images in materials for teaching and research purposes. For other contexts beyond fair use, including digital reproduction, please contact the University of Idaho Library Special Collections and Archives Department at libspec@uidaho.edu. The University of Idaho Library is not liable for any violations of the law by users.",http://rightsstatements.org/vocab/InC-EDU/1.0/,eng,uicat_1928-1929.pdf,pdf,https://objects.lib.uidaho.edu/coursecatalogs/uicat_1928-1929.pdf,https://objects.lib.uidaho.edu/coursecatalogs/small/uicat_1928-1929_sm.jpg,https://objects.lib.uidaho.edu/coursecatalogs/thumbs/uicat_1928-1929_th.jpg
coursecatalogs007,The University of Idaho Bulletin: Annual Catalog 1928-1929 with Announcements for 1929-1930,University of Idaho,"Scan of course catalog booklet, Vol. XXIV, No. 12",1929-05,catalogs,Special Collections and Archives Records,UICAT,Print booklet,application/pdf,Text,"In copyright, educational use permitted. Educational use includes non-commercial reproduction of text and images in materials for teaching and research purposes. For other contexts beyond fair use, including digital reproduction, please contact the University of Idaho Library Special Collections and Archives Department at libspec@uidaho.edu. The University of Idaho Library is not liable for any violations of the law by users.",http://rightsstatements.org/vocab/InC-EDU/1.0/,eng,uicat_1929-1930.pdf,pdf,https://objects.lib.uidaho.edu/coursecatalogs/uicat_1929-1930.pdf,https://objects.lib.uidaho.edu/coursecatalogs/small/uicat_1929-1930_sm.jpg,https://objects.lib.uidaho.edu/coursecatalogs/thumbs/uicat_1929-1930_th.jpg
coursecatalogs008,University of Idaho Bulletin: Catalog Number for 1931-1932 Sessions of the University of Idaho with Announcements for 1932-1933,University of Idaho,"Scan of course catalog booklet, Vol. XXVII, No. 1",1932-04,catalogs,Special Collections and Archives Records,UICAT,Print booklet,application/pdf,Text,"In copyright, educational use permitted. Educational use includes non-commercial reproduction of text and images in materials for teaching and research purposes. For other contexts beyond fair use, including digital reproduction, please contact the University of Idaho Library Special Collections and Archives Department at libspec@uidaho.edu. The University of Idaho Library is not liable for any violations of the law by users.",http://rightsstatements.org/vocab/InC-EDU/1.0/,eng,uicat_1932-1933.pdf,pdf,https://objects.lib.uidaho.edu/coursecatalogs/uicat_1932-1933.pdf,https://objects.lib.uidaho.edu/coursecatalogs/small/uicat_1932-1933_sm.jpg,https://objects.lib.uidaho.edu/coursecatalogs/thumbs/uicat_1932-1933_th.jpg
coursecatalogs009,University of Idaho Bulletin: Catalog Number for 1932-1933 Sessions with Announcements for 1933-1934,University of Idaho,"Scan of course catalog booklet, Vol. XXVIII, No. 1",1933-04,catalogs,Special Collections and Archives Records,UICAT,Print booklet,application/pdf,Text,"In copyright, educational use permitted. Educational use includes non-commercial reproduction of text and images in materials for teaching and research purposes. For other contexts beyond fair use, including digital reproduction, please contact the University of Idaho Library Special Collections and Archives Department at libspec@uidaho.edu. The University of Idaho Library is not liable for any violations of the law by users.",http://rightsstatements.org/vocab/InC-EDU/1.0/,eng,uicat_1933-1934.pdf,pdf,https://objects.lib.uidaho.edu/coursecatalogs/uicat_1933-1934.pdf,https://objects.lib.uidaho.edu/coursecatalogs/small/uicat_1933-1934_sm.jpg,https://objects.lib.uidaho.edu/coursecatalogs/thumbs/uicat_1933-1934_th.jpg
coursecatalogs010,University of Idaho Bulletin: Catalog Number for 1934-1935 Sessions with Announcements for 1935-1936,University of Idaho,"Scan of course catalog booklet, Vol. XXX, No. 1",1935-04,catalogs,Special Collections and Archives Records,UICAT,Print booklet,application/pdf,Text,"In copyright, educational use permitted. Educational use includes non-commercial reproduction of text and images in materials for teaching and research purposes. For other contexts beyond fair use, including digital reproduction, please contact the University of Idaho Library Special Collections and Archives Department at libspec@uidaho.edu. The University of Idaho Library is not liable for any violations of the law by users.",http://rightsstatements.org/vocab/InC-EDU/1.0/,eng,uicat_1935-1936.pdf,pdf,https://objects.lib.uidaho.edu/coursecatalogs/uicat_1935-1936.pdf,https://objects.lib.uidaho.edu/coursecatalogs/small/uicat_1935-1936_sm.jpg,https://objects.lib.uidaho.edu/coursecatalogs/thumbs/uicat_1935-1936_th.jpg
coursecatalogs011,University of Idaho Bulletin: Catalog Number for 1935-1936 Sessions with Announcements for 1936-1937,University of Idaho,"Scan of course catalog booklet, Vol. XXXI, No. 1",1936-04,catalogs,Special Collections and Archives Records,UICAT,Print booklet,application/pdf,Text,"In copyright, educational use permitted. Educational use includes non-commercial reproduction of text and images in materials for teaching and research purposes. For other contexts beyond fair use, including digital reproduction, please contact the University of Idaho Library Special Collections and Archives Department at libspec@uidaho.edu. The University of Idaho Library is not liable for any violations of the law by users.",http://rightsstatements.org/vocab/InC-EDU/1.0/,eng,uicat_1936-1937.pdf,pdf,https://objects.lib.uidaho.edu/coursecatalogs/uicat_1936-1937.pdf,https://objects.lib.uidaho.edu/coursecatalogs/small/uicat_1936-1937_sm.jpg,https://objects.lib.uidaho.edu/coursecatalogs/thumbs/uicat_1936-1937_th.jpg
coursecatalogs012,University of Idaho Bulletin: Catalog Number for 1936-1937 Sessions with Announcements for 1937-1938,University of Idaho,"Scan of course catalog booklet, Vol. XXXII, No. 1",1937-04,catalogs,Special Collections and Archives Records,UICAT,Print booklet,application/pdf,Text,"In copyright, educational use permitted. Educational use includes non-commercial reproduction of text and images in materials for teaching and research purposes. For other contexts beyond fair use, including digital reproduction, please contact the University of Idaho Library Special Collections and Archives Department at libspec@uidaho.edu. The University of Idaho Library is not liable for any violations of the law by users.",http://rightsstatements.org/vocab/InC-EDU/1.0/,eng,uicat_1937-1938.pdf,pdf,https://objects.lib.uidaho.edu/coursecatalogs/uicat_1937-1938.pdf,https://objects.lib.uidaho.edu/coursecatalogs/small/uicat_1937-1938_sm.jpg,https://objects.lib.uidaho.edu/coursecatalogs/thumbs/uicat_1937-1938_th.jpg
coursecatalogs013,University of Idaho Bulletin: Catalog Number 1938-1939 Sessions of the University of Idaho with Announcements for 1939-1940,University of Idaho,"Scan of course catalog booklet, Vol. XXXIV, No. 1",1939-01,catalogs,Special Collections and Archives Records,UICAT,Print booklet,application/pdf,Text,"In copyright, educational use permitted. Educational use includes non-commercial reproduction of text and images in materials for teaching and research purposes. For other contexts beyond fair use, including digital reproduction, please contact the University of Idaho Library Special Collections and Archives Department at libspec@uidaho.edu. The University of Idaho Library is not liable for any violations of the law by users.",http://rightsstatements.org/vocab/InC-EDU/1.0/,eng,uicat_1939-1940.pdf,pdf,https://objects.lib.uidaho.edu/coursecatalogs/uicat_1939-1940.pdf,https://objects.lib.uidaho.edu/coursecatalogs/small/uicat_1939-1940_sm.jpg,https://objects.lib.uidaho.edu/coursecatalogs/thumbs/uicat_1939-1940_th.jpg
coursecatalogs014,University of Idaho Bulletin: Catalog Number 1939-1940 Sessions of the University of Idaho with Announcements for 1940-1941,University of Idaho,"Scan of course catalog booklet, Vol. XXXV, No. 1",1940-01,catalogs,Special Collections and Archives Records,UICAT,Print booklet,application/pdf,Text,"In copyright, educational use permitted. Educational use includes non-commercial reproduction of text and images in materials for teaching and research purposes. For other contexts beyond fair use, including digital reproduction, please contact the University of Idaho Library Special Collections and Archives Department at libspec@uidaho.edu. The University of Idaho Library is not liable for any violations of the law by users.",http://rightsstatements.org/vocab/InC-EDU/1.0/,eng,uicat_1940-1941.pdf,pdf,https://objects.lib.uidaho.edu/coursecatalogs/uicat_1940-1941.pdf,https://objects.lib.uidaho.edu/coursecatalogs/small/uicat_1940-1941_sm.jpg,https://objects.lib.uidaho.edu/coursecatalogs/thumbs/uicat_1940-1941_th.jpg
coursecatalogs015,University of Idaho Bulletin: Catalog Issue 1940-1941 Sessions of the University of Idaho with Announcements for 1941-1942,University of Idaho,"Scan of course catalog booklet, Vol. XXXVI, No. 3",1941-04,catalogs,Special Collections and Archives Records,UICAT,Print booklet,application/pdf,Text,"In copyright, educational use permitted. Educational use includes non-commercial reproduction of text and images in materials for teaching and research purposes. For other contexts beyond fair use, including digital reproduction, please contact the University of Idaho Library Special Collections and Archives Department at libspec@uidaho.edu. The University of Idaho Library is not liable for any violations of the law by users.",http://rightsstatements.org/vocab/InC-EDU/1.0/,eng,uicat_1941-1942.pdf,pdf,https://objects.lib.uidaho.edu/coursecatalogs/uicat_1941-1942.pdf,https://objects.lib.uidaho.edu/coursecatalogs/small/uicat_1941-1942_sm.jpg,https://objects.lib.uidaho.edu/coursecatalogs/thumbs/uicat_1941-1942_th.jpg
coursecatalogs016,Catalog Issue University of Idaho Bulletin: For the 1942-1943 Sessions with Announcements for 1943-1944,University of Idaho,"Scan of course catalog booklet, Vol. XXXVIII, No. 2",1943-04,catalogs,Special Collections and Archives Records,UICAT,Print booklet,application/pdf,Text,"In copyright, educational use permitted. Educational use includes non-commercial reproduction of text and images in materials for teaching and research purposes. For other contexts beyond fair use, including digital reproduction, please contact the University of Idaho Library Special Collections and Archives Department at libspec@uidaho.edu. The University of Idaho Library is not liable for any violations of the law by users.",http://rightsstatements.org/vocab/InC-EDU/1.0/,eng,uicat_1943-1944.pdf,pdf,https://objects.lib.uidaho.edu/coursecatalogs/uicat_1943-1944.pdf,https://objects.lib.uidaho.edu/coursecatalogs/small/uicat_1943-1944_sm.jpg,https://objects.lib.uidaho.edu/coursecatalogs/thumbs/uicat_1943-1944_th.jpg
coursecatalogs017,Catalog Issue University of Idaho Bulletin: For the 1943-1944 Sessions with Announcements for 1944-1945,University of Idaho,"Scan of course catalog booklet, Vol. XXXIX, No. 2",1944-04,catalogs,Special Collections and Archives Records,UICAT,Print booklet,application/pdf,Text,"In copyright, educational use permitted. Educational use includes non-commercial reproduction of text and images in materials for teaching and research purposes. For other contexts beyond fair use, including digital reproduction, please contact the University of Idaho Library Special Collections and Archives Department at libspec@uidaho.edu. The University of Idaho Library is not liable for any violations of the law by users.",http://rightsstatements.org/vocab/InC-EDU/1.0/,eng,uicat_1944-1945.pdf,pdf,https://objects.lib.uidaho.edu/coursecatalogs/uicat_1944-1945.pdf,https://objects.lib.uidaho.edu/coursecatalogs/small/uicat_1944-1945_sm.jpg,https://objects.lib.uidaho.edu/coursecatalogs/thumbs/uicat_1944-1945_th.jpg
coursecatalogs037,University of Idaho Catalog 1959-1961,University of Idaho,"Scan of course catalog booklet, Vol. LV, No. 1",1959,catalogs,Special Collections and Archives Records,UICAT,Print booklet,application/pdf,Text,"In copyright, educational use permitted. Educational use includes non-commercial reproduction of text and images in materials for teaching and research purposes. For other contexts beyond fair use, including digital reproduction, please contact the University of Idaho Library Special Collections and Archives Department at libspec@uidaho.edu. The University of Idaho Library is not liable for any violations of the law by users.",http://rightsstatements.org/vocab/InC-EDU/1.0/,eng,uicat_1959-1961.pdf,pdf,https://objects.lib.uidaho.edu/coursecatalogs/uicat_1959-1961.pdf,https://objects.lib.uidaho.edu/coursecatalogs/small/uicat_1959-1961_sm.jpg,https://objects.lib.uidaho.edu/coursecatalogs/thumbs/uicat_1959-1961_th.jpg
coursecatalogs038,University of Idaho Catalog 1967-1969,University of Idaho,"Scan of course catalog booklet, Vol. LXIII, No. 1",1967-07,catalogs,Special Collections and Archives Records,UICAT,Print booklet,application/pdf,Text,"In copyright, educational use permitted. Educational use includes non-commercial reproduction of text and images in materials for teaching and research purposes. For other contexts beyond fair use, including digital reproduction, please contact the University of Idaho Library Special Collections and Archives Department at libspec@uidaho.edu. The University of Idaho Library is not liable for any violations of the law by users.",http://rightsstatements.org/vocab/InC-EDU/1.0/,eng,uicat_1967-1968.pdf,pdf,https://objects.lib.uidaho.edu/coursecatalogs/uicat_1967-1968.pdf,https://objects.lib.uidaho.edu/coursecatalogs/small/uicat_1967-1968_sm.jpg,https://objects.lib.uidaho.edu/coursecatalogs/thumbs/uicat_1967-1968_th.jpg
coursecatalogs039,University of Idaho Catalog 1969-1971,University of Idaho,"Scan of course catalog booklet, Vol. LXV, No. 1",1969,catalogs,Special Collections and Archives Records,UICAT,Print booklet,application/pdf,Text,"In copyright, educational use permitted. Educational use includes non-commercial reproduction of text and images in materials for teaching and research purposes. For other contexts beyond fair use, including digital reproduction, please contact the University of Idaho Library Special Collections and Archives Department at libspec@uidaho.edu. The University of Idaho Library is not liable for any violations of the law by users.",http://rightsstatements.org/vocab/InC-EDU/1.0/,eng,uicat_1969-1971.pdf,pdf,https://objects.lib.uidaho.edu/coursecatalogs/uicat_1969-1971.pdf,https://objects.lib.uidaho.edu/coursecatalogs/small/uicat_1969-1971_sm.jpg,https://objects.lib.uidaho.edu/coursecatalogs/thumbs/uicat_1969-1971_th.jpg
coursecatalogs040,University of Idaho Catalog 1971-1972,University of Idaho,"Scan of course catalog booklet, Vol. LXVII, No. 1",1971,catalogs,Special Collections and Archives Records,UICAT,Print booklet,application/pdf,Text,"In copyright, educational use permitted. Educational use includes non-commercial reproduction of text and images in materials for teaching and research purposes. For other contexts beyond fair use, including digital reproduction, please contact the University of Idaho Library Special Collections and Archives Department at libspec@uidaho.edu. The University of Idaho Library is not liable for any violations of the law by users.",http://rightsstatements.org/vocab/InC-EDU/1.0/,eng,uicat_1971-1972.pdf,pdf,https://objects.lib.uidaho.edu/coursecatalogs/uicat_1971-1972.pdf,https://objects.lib.uidaho.edu/coursecatalogs/small/uicat_1971-1972_sm.jpg,https://objects.lib.uidaho.edu/coursecatalogs/thumbs/uicat_1971-1972_th.jpg
coursecatalogs041,University of Idaho General Catalog 1972-1973,University of Idaho,"Scan of course catalog booklet, Vol. LXVIII, No. 1",1972,catalogs,Special Collections and Archives Records,UICAT,Print booklet,application/pdf,Text,"In copyright, educational use permitted. Educational use includes non-commercial reproduction of text and images in materials for teaching and research purposes. For other contexts beyond fair use, including digital reproduction, please contact the University of Idaho Library Special Collections and Archives Department at libspec@uidaho.edu. The University of Idaho Library is not liable for any violations of the law by users.",http://rightsstatements.org/vocab/InC-EDU/1.0/,eng,uicat_1972-1973.pdf,pdf,https://objects.lib.uidaho.edu/coursecatalogs/uicat_1972-1973.pdf,https://objects.lib.uidaho.edu/coursecatalogs/small/uicat_1972-1973_sm.jpg,https://objects.lib.uidaho.edu/coursecatalogs/thumbs/uicat_1972-1973_th.jpg
coursecatalogs042,University of Idaho General Catalog 1973-1974,University of Idaho,"Scan of course catalog booklet, Vol. LXIX, No. 1",1973,catalogs,Special Collections and Archives Records,UICAT,Print booklet,application/pdf,Text,"In copyright, educational use permitted. Educational use includes non-commercial reproduction of text and images in materials for teaching and research purposes. For other contexts beyond fair use, including digital reproduction, please contact the University of Idaho Library Special Collections and Archives Department at libspec@uidaho.edu. The University of Idaho Library is not liable for any violations of the law by users.",http://rightsstatements.org/vocab/InC-EDU/1.0/,eng,uicat_1973-1974.pdf,pdf,https://objects.lib.uidaho.edu/coursecatalogs/uicat_1973-1974.pdf,https://objects.lib.uidaho.edu/coursecatalogs/small/uicat_1973-1974_sm.jpg,https://objects.lib.uidaho.edu/coursecatalogs/thumbs/uicat_1973-1974_th.jpg
coursecatalogs043,University of Idaho General Catalog 1974-1975,University of Idaho,"Scan of course catalog booklet, Vol. LXX, No. 1",1974,catalogs,Special Collections and Archives Records,UICAT,Print booklet,application/pdf,Text,"In copyright, educational use permitted. Educational use includes non-commercial reproduction of text and images in materials for teaching and research purposes. For other contexts beyond fair use, including digital reproduction, please contact the University of Idaho Library Special Collections and Archives Department at libspec@uidaho.edu. The University of Idaho Library is not liable for any violations of the law by users.",http://rightsstatements.org/vocab/InC-EDU/1.0/,eng,uicat_1974-1975.pdf,pdf,https://objects.lib.uidaho.edu/coursecatalogs/uicat_1974-1975.pdf,https://objects.lib.uidaho.edu/coursecatalogs/small/uicat_1974-1975_sm.jpg,https://objects.lib.uidaho.edu/coursecatalogs/thumbs/uicat_1974-1975_th.jpg
coursecatalogs044,University of Idaho General Catalog 1975-1976,University of Idaho,"Scan of course catalog booklet, Vol. LXXI, No. 1",1975,catalogs,Special Collections and Archives Records,UICAT,Print booklet,application/pdf,Text,"In copyright, educational use permitted. Educational use includes non-commercial reproduction of text and images in materials for teaching and research purposes. For other contexts beyond fair use, including digital reproduction, please contact the University of Idaho Library Special Collections and Archives Department at libspec@uidaho.edu. The University of Idaho Library is not liable for any violations of the law by users.",http://rightsstatements.org/vocab/InC-EDU/1.0/,eng,uicat_1975-1976.pdf,pdf,https://objects.lib.uidaho.edu/coursecatalogs/uicat_1975-1976.pdf,https://objects.lib.uidaho.edu/coursecatalogs/small/uicat_1975-1976_sm.jpg,https://objects.lib.uidaho.edu/coursecatalogs/thumbs/uicat_1975-1976_th.jpg
coursecatalogs045,University of Idaho General Catalog 1976-1977,University of Idaho,"Scan of course catalog booklet, Vol. LXXII, No. 1",1976,catalogs,Special Collections and Archives Records,UICAT,Print booklet,application/pdf,Text,"In copyright, educational use permitted. Educational use includes non-commercial reproduction of text and images in materials for teaching and research purposes. For other contexts beyond fair use, including digital reproduction, please contact the University of Idaho Library Special Collections and Archives Department at libspec@uidaho.edu. The University of Idaho Library is not liable for any violations of the law by users.",http://rightsstatements.org/vocab/InC-EDU/1.0/,eng,uicat_1976-1977.pdf,pdf,https://objects.lib.uidaho.edu/coursecatalogs/uicat_1976-1977.pdf,https://objects.lib.uidaho.edu/coursecatalogs/small/uicat_1976-1977_sm.jpg,https://objects.lib.uidaho.edu/coursecatalogs/thumbs/uicat_1976-1977_th.jpg
coursecatalogs046,University of Idaho General Catalog 1977-1978,University of Idaho,"Scan of course catalog booklet, Vol. LXXIII, No. 1",1977,catalogs,Special Collections and Archives Records,UICAT,Print booklet,application/pdf,Text,"In copyright, educational use permitted. Educational use includes non-commercial reproduction of text and images in materials for teaching and research purposes. For other contexts beyond fair use, including digital reproduction, please contact the University of Idaho Library Special Collections and Archives Department at libspec@uidaho.edu. The University of Idaho Library is not liable for any violations of the law by users.",http://rightsstatements.org/vocab/InC-EDU/1.0/,eng,uicat_1977-1978.pdf,pdf,https://objects.lib.uidaho.edu/coursecatalogs/uicat_1977-1978.pdf,https://objects.lib.uidaho.edu/coursecatalogs/small/uicat_1977-1978_sm.jpg,https://objects.lib.uidaho.edu/coursecatalogs/thumbs/uicat_1977-1978_th.jpg
coursecatalogs047,University of Idaho General Catalog 1978-1979,University of Idaho,"Scan of course catalog booklet, Vol. LXXIV, No. 1",1978,catalogs,Special Collections and Archives Records,UICAT,Print booklet,application/pdf,Text,"In copyright, educational use permitted. Educational use includes non-commercial reproduction of text and images in materials for teaching and research purposes. For other contexts beyond fair use, including digital reproduction, please contact the University of Idaho Library Special Collections and Archives Department at libspec@uidaho.edu. The University of Idaho Library is not liable for any violations of the law by users.",http://rightsstatements.org/vocab/InC-EDU/1.0/,eng,uicat_1978-1979.pdf,pdf,https://objects.lib.uidaho.edu/coursecatalogs/uicat_1978-1979.pdf,https://objects.lib.uidaho.edu/coursecatalogs/small/uicat_1978-1979_sm.jpg,https://objects.lib.uidaho.edu/coursecatalogs/thumbs/uicat_1978-1979_th.jpg
coursecatalogs048,University of Idaho General Catalog 1979-1981,University of Idaho,"Scan of course catalog booklet, Vol. LXXV, No. 1",1979,catalogs,Special Collections and Archives Records,UICAT,Print booklet,application/pdf,Text,"In copyright, educational use permitted. Educational use includes non-commercial reproduction of text and images in materials for teaching and research purposes. For other contexts beyond fair use, including digital reproduction, please contact the University of Idaho Library Special Collections and Archives Department at libspec@uidaho.edu. The University of Idaho Library is not liable for any violations of the law by users.",http://rightsstatements.org/vocab/InC-EDU/1.0/,eng,uicat_1979-1981.pdf,pdf,https://objects.lib.uidaho.edu/coursecatalogs/uicat_1979-1981.pdf,https://objects.lib.uidaho.edu/coursecatalogs/small/uicat_1979-1981_sm.jpg,https://objects.lib.uidaho.edu/coursecatalogs/thumbs/uicat_1979-1981_th.jpg
coursecatalogs049,University of Idaho General Catalog 1981-1983,University of Idaho,"Scan of course catalog booklet, Vol. LXXVII, No. 1",1981,catalogs,Special Collections and Archives Records,UICAT,Print booklet,application/pdf,Text,"In copyright, educational use permitted. Educational use includes non-commercial reproduction of text and images in materials for teaching and research purposes. For other contexts beyond fair use, including digital reproduction, please contact the University of Idaho Library Special Collections and Archives Department at libspec@uidaho.edu. The University of Idaho Library is not liable for any violations of the law by users.",http://rightsstatements.org/vocab/InC-EDU/1.0/,eng,uicat_1981-1983.pdf,pdf,https://objects.lib.uidaho.edu/coursecatalogs/uicat_1981-1983.pdf,https://objects.lib.uidaho.edu/coursecatalogs/small/uicat_1981-1983_sm.jpg,https://objects.lib.uidaho.edu/coursecatalogs/thumbs/uicat_1981-1983_th.jpg
coursecatalogs050,University of Idaho General Catalog 1983-1985,University of Idaho,"Scan of course catalog booklet, Vol. LXXVIII, No.",1983,catalogs,Special Collections and Archives Records,UICAT,Print booklet,application/pdf,Text,"In copyright, educational use permitted. Educational use includes non-commercial reproduction of text and images in materials for teaching and research purposes. For other contexts beyond fair use, including digital reproduction, please contact the University of Idaho Library Special Collections and Archives Department at libspec@uidaho.edu. The University of Idaho Library is not liable for any violations of the law by users.",http://rightsstatements.org/vocab/InC-EDU/1.0/,eng,uicat_1983-1985.pdf,pdf,https://objects.lib.uidaho.edu/coursecatalogs/uicat_1983-1985.pdf,https://objects.lib.uidaho.edu/coursecatalogs/small/uicat_1983-1985_sm.jpg,https://objects.lib.uidaho.edu/coursecatalogs/thumbs/uicat_1983-1985_th.jpg
coursecatalogs051,University of Idaho General Catalog 1985-1986,University of Idaho,"Scan of course catalog booklet, Vol. LXXXI, No. 1",1985,catalogs,Special Collections and Archives Records,UICAT,Print booklet,application/pdf,Text,"In copyright, educational use permitted. Educational use includes non-commercial reproduction of text and images in materials for teaching and research purposes. For other contexts beyond fair use, including digital reproduction, please contact the University of Idaho Library Special Collections and Archives Department at libspec@uidaho.edu. The University of Idaho Library is not liable for any violations of the law by users.",http://rightsstatements.org/vocab/InC-EDU/1.0/,eng,uicat_1985-1986.pdf,pdf,https://objects.lib.uidaho.edu/coursecatalogs/uicat_1985-1986.pdf,https://objects.lib.uidaho.edu/coursecatalogs/small/uicat_1985-1986_sm.jpg,https://objects.lib.uidaho.edu/coursecatalogs/thumbs/uicat_1985-1986_th.jpg
coursecatalogs052,University of Idaho General Catalog 1986-1987,University of Idaho,"Scan of course catalog booklet, Vol. LXXXII, No. 1",1986,catalogs,Special Collections and Archives Records,UICAT,Print booklet,application/pdf,Text,"In copyright, educational use permitted. Educational use includes non-commercial reproduction of text and images in materials for teaching and research purposes. For other contexts beyond fair use, including digital reproduction, please contact the University of Idaho Library Special Collections and Archives Department at libspec@uidaho.edu. The University of Idaho Library is not liable for any violations of the law by users.",http://rightsstatements.org/vocab/InC-EDU/1.0/,eng,uicat_1986-1987.pdf,pdf,https://objects.lib.uidaho.edu/coursecatalogs/uicat_1986-1987.pdf,https://objects.lib.uidaho.edu/coursecatalogs/small/uicat_1986-1987_sm.jpg,https://objects.lib.uidaho.edu/coursecatalogs/thumbs/uicat_1986-1987_th.jpg
coursecatalogs053,University of Idaho General Catalog 1987,University of Idaho,"Scan of course catalog booklet, Vol. LXXXIII, No. 1",1987,catalogs,Special Collections and Archives Records,UICAT,Print booklet,application/pdf,Text,"In copyright, educational use permitted. Educational use includes non-commercial reproduction of text and images in materials for teaching and research purposes. For other contexts beyond fair use, including digital reproduction, please contact the University of Idaho Library Special Collections and Archives Department at libspec@uidaho.edu. The University of Idaho Library is not liable for any violations of the law by users.",http://rightsstatements.org/vocab/InC-EDU/1.0/,eng,uicat_1987-1988.pdf,pdf,https://objects.lib.uidaho.edu/coursecatalogs/uicat_1987-1988.pdf,https://objects.lib.uidaho.edu/coursecatalogs/small/uicat_1987-1988_sm.jpg,https://objects.lib.uidaho.edu/coursecatalogs/thumbs/uicat_1987-1988_th.jpg
coursecatalogs054,University of Idaho General Catalog 1988,University of Idaho,"Scan of course catalog booklet, Vol. LXXXIV, No. 1",1988,catalogs,Special Collections and Archives Records,UICAT,Print booklet,application/pdf,Text,"In copyright, educational use permitted. Educational use includes non-commercial reproduction of text and images in materials for teaching and research purposes. For other contexts beyond fair use, including digital reproduction, please contact the University of Idaho Library Special Collections and Archives Department at libspec@uidaho.edu. The University of Idaho Library is not liable for any violations of the law by users.",http://rightsstatements.org/vocab/InC-EDU/1.0/,eng,uicat_1988-1989.pdf,pdf,https://objects.lib.uidaho.edu/coursecatalogs/uicat_1988-1989.pdf,https://objects.lib.uidaho.edu/coursecatalogs/small/uicat_1988-1989_sm.jpg,https://objects.lib.uidaho.edu/coursecatalogs/thumbs/uicat_1988-1989_th.jpg
coursecatalogs055,University of Idaho General Catalog 1989,University of Idaho,"Scan of course catalog booklet, Vol. LXXXV, No. 1",1989,catalogs,Special Collections and Archives Records,UICAT,Print booklet,application/pdf,Text,"In copyright, educational use permitted. Educational use includes non-commercial reproduction of text and images in materials for teaching and research purposes. For other contexts beyond fair use, including digital reproduction, please contact the University of Idaho Library Special Collections and Archives Department at libspec@uidaho.edu. The University of Idaho Library is not liable for any violations of the law by users.",http://rightsstatements.org/vocab/InC-EDU/1.0/,eng,uicat_1989-1990.pdf,pdf,https://objects.lib.uidaho.edu/coursecatalogs/uicat_1989-1990.pdf,https://objects.lib.uidaho.edu/coursecatalogs/small/uicat_1989-1990_sm.jpg,https://objects.lib.uidaho.edu/coursecatalogs/thumbs/uicat_1989-1990_th.jpg
coursecatalogs056,University of Idaho General Catalog 1990,University of Idaho,"Scan of course catalog booklet, Vol. LXXXVI, No. 1",1990,catalogs,Special Collections and Archives Records,UICAT,Print booklet,application/pdf,Text,"In copyright, educational use permitted. Educational use includes non-commercial reproduction of text and images in materials for teaching and research purposes. For other contexts beyond fair use, including digital reproduction, please contact the University of Idaho Library Special Collections and Archives Department at libspec@uidaho.edu. The University of Idaho Library is not liable for any violations of the law by users.",http://rightsstatements.org/vocab/InC-EDU/1.0/,eng,uicat_1990-1991.pdf,pdf,https://objects.lib.uidaho.edu/coursecatalogs/uicat_1990-1991.pdf,https://objects.lib.uidaho.edu/coursecatalogs/small/uicat_1990-1991_sm.jpg,https://objects.lib.uidaho.edu/coursecatalogs/thumbs/uicat_1990-1991_th.jpg
coursecatalogs057,University of Idaho General Catalog 1991,University of Idaho,"Scan of course catalog booklet, Vol. LXXXVII, No. 1",1991,catalogs,Special Collections and Archives Records,UICAT,Print booklet,application/pdf,Text,"In copyright, educational use permitted. Educational use includes non-commercial reproduction of text and images in materials for teaching and research purposes. For other contexts beyond fair use, including digital reproduction, please contact the University of Idaho Library Special Collections and Archives Department at libspec@uidaho.edu. The University of Idaho Library is not liable for any violations of the law by users.",http://rightsstatements.org/vocab/InC-EDU/1.0/,eng,uicat_1991-1992.pdf,pdf,https://objects.lib.uidaho.edu/coursecatalogs/uicat_1991-1992.pdf,https://objects.lib.uidaho.edu/coursecatalogs/small/uicat_1991-1992_sm.jpg,https://objects.lib.uidaho.edu/coursecatalogs/thumbs/uicat_1991-1992_th.jpg
coursecatalogs018,University of Idaho Bulletin: 1992 General Catalog Edition,University of Idaho,"Scan of course catalog booklet, LXXXVIII, No. 1",1992,catalogs,Special Collections and Archives Records,UICAT,Print booklet,application/pdf,Text,"In copyright, educational use permitted. Educational use includes non-commercial reproduction of text and images in materials for teaching and research purposes. For other contexts beyond fair use, including digital reproduction, please contact the University of Idaho Library Special Collections and Archives Department at libspec@uidaho.edu. The University of Idaho Library is not liable for any violations of the law by users.",http://rightsstatements.org/vocab/InC-EDU/1.0/,eng,uicat_1992-1993.pdf,pdf,https://objects.lib.uidaho.edu/coursecatalogs/uicat_1992-1993.pdf,https://objects.lib.uidaho.edu/coursecatalogs/small/uicat_1992-1993_sm.jpg,https://objects.lib.uidaho.edu/coursecatalogs/thumbs/uicat_1992-1993_th.jpg
coursecatalogs019,University of Idaho Bulletin: 1993 General Catalog Edition,University of Idaho,"Scan of course catalog booklet, LXXIX, No. 1",1993,catalogs,Special Collections and Archives Records,UICAT,Print booklet,application/pdf,Text,"In copyright, educational use permitted. Educational use includes non-commercial reproduction of text and images in materials for teaching and research purposes. For other contexts beyond fair use, including digital reproduction, please contact the University of Idaho Library Special Collections and Archives Department at libspec@uidaho.edu. The University of Idaho Library is not liable for any violations of the law by users.",http://rightsstatements.org/vocab/InC-EDU/1.0/,eng,uicat_1993-1994.pdf,pdf,https://objects.lib.uidaho.edu/coursecatalogs/uicat_1993-1994.pdf,https://objects.lib.uidaho.edu/coursecatalogs/small/uicat_1993-1994_sm.jpg,https://objects.lib.uidaho.edu/coursecatalogs/thumbs/uicat_1993-1994_th.jpg
coursecatalogs020,University of Idaho 1994 General Catalog,University of Idaho,"Scan of course catalog booklet, Vol. XC, No. 1",1994,catalogs,Special Collections and Archives Records,UICAT,Print booklet,application/pdf,Text,"In copyright, educational use permitted. Educational use includes non-commercial reproduction of text and images in materials for teaching and research purposes. For other contexts beyond fair use, including digital reproduction, please contact the University of Idaho Library Special Collections and Archives Department at libspec@uidaho.edu. The University of Idaho Library is not liable for any violations of the law by users.",http://rightsstatements.org/vocab/InC-EDU/1.0/,eng,uicat_1994-1995.pdf,pdf,https://objects.lib.uidaho.edu/coursecatalogs/uicat_1994-1995.pdf,https://objects.lib.uidaho.edu/coursecatalogs/small/uicat_1994-1995_sm.jpg,https://objects.lib.uidaho.edu/coursecatalogs/thumbs/uicat_1994-1995_th.jpg
coursecatalogs021,University of Idaho 1995 General Catalog,University of Idaho,"Scan of course catalog booklet, Vol. XCI, No. 1",1995,catalogs,Special Collections and Archives Records,UICAT,Print booklet,application/pdf,Text,"In copyright, educational use permitted. Educational use includes non-commercial reproduction of text and images in materials for teaching and research purposes. For other contexts beyond fair use, including digital reproduction, please contact the University of Idaho Library Special Collections and Archives Department at libspec@uidaho.edu. The University of Idaho Library is not liable for any violations of the law by users.",http://rightsstatements.org/vocab/InC-EDU/1.0/,eng,uicat_1995-1996.pdf,pdf,https://objects.lib.uidaho.edu/coursecatalogs/uicat_1995-1996.pdf,https://objects.lib.uidaho.edu/coursecatalogs/small/uicat_1995-1996_sm.jpg,https://objects.lib.uidaho.edu/coursecatalogs/thumbs/uicat_1995-1996_th.jpg
coursecatalogs022,University of Idaho General Catalog 1996,University of Idaho,"Scan of course catalog booklet, Vol. XCII, No. 1",1996,catalogs,Special Collections and Archives Records,UICAT,Print booklet,application/pdf,Text,"In copyright, educational use permitted. Educational use includes non-commercial reproduction of text and images in materials for teaching and research purposes. For other contexts beyond fair use, including digital reproduction, please contact the University of Idaho Library Special Collections and Archives Department at libspec@uidaho.edu. The University of Idaho Library is not liable for any violations of the law by users.",http://rightsstatements.org/vocab/InC-EDU/1.0/,eng,uicat_1996-1997.pdf,pdf,https://objects.lib.uidaho.edu/coursecatalogs/uicat_1996-1997.pdf,https://objects.lib.uidaho.edu/coursecatalogs/small/uicat_1996-1997_sm.jpg,https://objects.lib.uidaho.edu/coursecatalogs/thumbs/uicat_1996-1997_th.jpg
coursecatalogs023,University of Idaho General Catalog 1997,University of Idaho,"Scan of course catalog booklet, Vol. XCIII, No. 1",1997,catalogs,Special Collections and Archives Records,UICAT,Print booklet,application/pdf,Text,"In copyright, educational use permitted. Educational use includes non-commercial reproduction of text and images in materials for teaching and research purposes. For other contexts beyond fair use, including digital reproduction, please contact the University of Idaho Library Special Collections and Archives Department at libspec@uidaho.edu. The University of Idaho Library is not liable for any violations of the law by users.",http://rightsstatements.org/vocab/InC-EDU/1.0/,eng,uicat_1997-1998.pdf,pdf,https://objects.lib.uidaho.edu/coursecatalogs/uicat_1997-1998.pdf,https://objects.lib.uidaho.edu/coursecatalogs/small/uicat_1997-1998_sm.jpg,https://objects.lib.uidaho.edu/coursecatalogs/thumbs/uicat_1997-1998_th.jpg
coursecatalogs061,University of Idaho 1998 General Catalog,University of Idaho,Course catalog document,1998,catalogs,"Office of the Registrar, University of Idaho, https://www.uidaho.edu/registrar/classes/catalogs",UICAT,PDF,application/pdf,Text,"In copyright, educational use permitted. Educational use includes non-commercial reproduction of text and images in materials for teaching and research purposes. For other contexts beyond fair use, including digital reproduction, please contact the University of Idaho Library Special Collections and Archives Department at libspec@uidaho.edu. The University of Idaho Library is not liable for any violations of the law by users.",http://rightsstatements.org/vocab/InC-EDU/1.0/,eng,uicat_1998-1999.pdf,pdf,https://objects.lib.uidaho.edu/coursecatalogs/uicat_1998-1999.pdf,https://objects.lib.uidaho.edu/coursecatalogs/small/uicat_1998-1999_sm.jpg,https://objects.lib.uidaho.edu/coursecatalogs/thumbs/uicat_1998-1999_th.jpg
coursecatalogs024,University of Idaho General Catalog 1999,University of Idaho,"Scan of course catalog booklet, Vol. 95, No.2",1999-04,catalogs,Special Collections and Archives Records,UICAT,Print booklet,application/pdf,Text,"In copyright, educational use permitted. Educational use includes non-commercial reproduction of text and images in materials for teaching and research purposes. For other contexts beyond fair use, including digital reproduction, please contact the University of Idaho Library Special Collections and Archives Department at libspec@uidaho.edu. The University of Idaho Library is not liable for any violations of the law by users.",http://rightsstatements.org/vocab/InC-EDU/1.0/,eng,uicat_1999-2000.pdf,pdf,https://objects.lib.uidaho.edu/coursecatalogs/uicat_1999-2000.pdf,https://objects.lib.uidaho.edu/coursecatalogs/small/uicat_1999-2000_sm.jpg,https://objects.lib.uidaho.edu/coursecatalogs/thumbs/uicat_1999-2000_th.jpg
coursecatalogs025,University of Idaho General Catalog 2000,University of Idaho,"Scan of course catalog booklet, Vol. 96, No.2",2000-04,catalogs,Special Collections and Archives Records,UICAT,Print booklet,application/pdf,Text,"In copyright, educational use permitted. Educational use includes non-commercial reproduction of text and images in materials for teaching and research purposes. For other contexts beyond fair use, including digital reproduction, please contact the University of Idaho Library Special Collections and Archives Department at libspec@uidaho.edu. The University of Idaho Library is not liable for any violations of the law by users.",http://rightsstatements.org/vocab/InC-EDU/1.0/,eng,uicat_2000-2001.pdf,pdf,https://objects.lib.uidaho.edu/coursecatalogs/uicat_2000-2001.pdf,https://objects.lib.uidaho.edu/coursecatalogs/small/uicat_2000-2001_sm.jpg,https://objects.lib.uidaho.edu/coursecatalogs/thumbs/uicat_2000-2001_th.jpg
coursecatalogs026,University of Idaho Catalog 2001,University of Idaho,"Scan of course catalog booklet, Vol. 97, No.1",2001-03,catalogs,Special Collections and Archives Records,UICAT,Print booklet,application/pdf,Text,"In copyright, educational use permitted. Educational use includes non-commercial reproduction of text and images in materials for teaching and research purposes. For other contexts beyond fair use, including digital reproduction, please contact the University of Idaho Library Special Collections and Archives Department at libspec@uidaho.edu. The University of Idaho Library is not liable for any violations of the law by users.",http://rightsstatements.org/vocab/InC-EDU/1.0/,eng,uicat_2001-2002.pdf,pdf,https://objects.lib.uidaho.edu/coursecatalogs/uicat_2001-2002.pdf,https://objects.lib.uidaho.edu/coursecatalogs/small/uicat_2001-2002_sm.jpg,https://objects.lib.uidaho.edu/coursecatalogs/thumbs/uicat_2001-2002_th.jpg
coursecatalogs027,University of Idaho Catalog 2002-2003,University of Idaho,"Scan of course catalog booklet, Vol. 98, No. 2",2002-04,catalogs,Special Collections and Archives Records,UICAT,Print booklet,application/pdf,Text,"In copyright, educational use permitted. Educational use includes non-commercial reproduction of text and images in materials for teaching and research purposes. For other contexts beyond fair use, including digital reproduction, please contact the University of Idaho Library Special Collections and Archives Department at libspec@uidaho.edu. The University of Idaho Library is not liable for any violations of the law by users.",http://rightsstatements.org/vocab/InC-EDU/1.0/,eng,uicat_2002-2003.pdf,pdf,https://objects.lib.uidaho.edu/coursecatalogs/uicat_2002-2003.pdf,https://objects.lib.uidaho.edu/coursecatalogs/small/uicat_2002-2003_sm.jpg,https://objects.lib.uidaho.edu/coursecatalogs/thumbs/uicat_2002-2003_th.jpg
coursecatalogs028,University of Idaho Catalog 2003-2004,University of Idaho,"Scan of course catalog booklet, Vol. 99, No. 3",2003-05,catalogs,Special Collections and Archives Records,UICAT,Print booklet,application/pdf,Text,"In copyright, educational use permitted. Educational use includes non-commercial reproduction of text and images in materials for teaching and research purposes. For other contexts beyond fair use, including digital reproduction, please contact the University of Idaho Library Special Collections and Archives Department at libspec@uidaho.edu. The University of Idaho Library is not liable for any violations of the law by users.",http://rightsstatements.org/vocab/InC-EDU/1.0/,eng,uicat_2003-2004.pdf,pdf,https://objects.lib.uidaho.edu/coursecatalogs/uicat_2003-2004.pdf,https://objects.lib.uidaho.edu/coursecatalogs/small/uicat_2003-2004_sm.jpg,https://objects.lib.uidaho.edu/coursecatalogs/thumbs/uicat_2003-2004_th.jpg
coursecatalogs029,University of Idaho Catalog 2004-2005,University of Idaho,"Scan of course catalog booklet, Vol. 100, No. 3",2004-04-15,catalogs,Special Collections and Archives Records,UICAT,Print booklet,application/pdf,Text,"In copyright, educational use permitted. Educational use includes non-commercial reproduction of text and images in materials for teaching and research purposes. For other contexts beyond fair use, including digital reproduction, please contact the University of Idaho Library Special Collections and Archives Department at libspec@uidaho.edu. The University of Idaho Library is not liable for any violations of the law by users.",http://rightsstatements.org/vocab/InC-EDU/1.0/,eng,uicat_2004-2005.pdf,pdf,https://objects.lib.uidaho.edu/coursecatalogs/uicat_2004-2005.pdf,https://objects.lib.uidaho.edu/coursecatalogs/small/uicat_2004-2005_sm.jpg,https://objects.lib.uidaho.edu/coursecatalogs/thumbs/uicat_2004-2005_th.jpg
coursecatalogs030,University of Idaho General Catalog 2005-2006 Academic Year,University of Idaho,"Scan of course catalog booklet, Vol. 101, No. 3",2005-04-15,catalogs,Special Collections and Archives Records,UICAT,Print booklet,application/pdf,Text,"In copyright, educational use permitted. Educational use includes non-commercial reproduction of text and images in materials for teaching and research purposes. For other contexts beyond fair use, including digital reproduction, please contact the University of Idaho Library Special Collections and Archives Department at libspec@uidaho.edu. The University of Idaho Library is not liable for any violations of the law by users.",http://rightsstatements.org/vocab/InC-EDU/1.0/,eng,uicat_2005-2006.pdf,pdf,https://objects.lib.uidaho.edu/coursecatalogs/uicat_2005-2006.pdf,https://objects.lib.uidaho.edu/coursecatalogs/small/uicat_2005-2006_sm.jpg,https://objects.lib.uidaho.edu/coursecatalogs/thumbs/uicat_2005-2006_th.jpg
coursecatalogs031,University of Idaho 2006-2007 Catalog,University of Idaho,"Scan of course catalog booklet, Vol. 102, No. 2",2006-04-15,catalogs,Special Collections and Archives Records,UICAT,Print booklet,application/pdf,Text,"In copyright, educational use permitted. Educational use includes non-commercial reproduction of text and images in materials for teaching and research purposes. For other contexts beyond fair use, including digital reproduction, please contact the University of Idaho Library Special Collections and Archives Department at libspec@uidaho.edu. The University of Idaho Library is not liable for any violations of the law by users.",http://rightsstatements.org/vocab/InC-EDU/1.0/,eng,uicat_2006-2007.pdf,pdf,https://objects.lib.uidaho.edu/coursecatalogs/uicat_2006-2007.pdf,https://objects.lib.uidaho.edu/coursecatalogs/small/uicat_2006-2007_sm.jpg,https://objects.lib.uidaho.edu/coursecatalogs/thumbs/uicat_2006-2007_th.jpg
coursecatalogs032,University of Idaho 2007-08 Catalog,University of Idaho,"Scan of course catalog booklet, Vol. 103, No. 4",2007-04-15,catalogs,Special Collections and Archives Records,UICAT,Print booklet,application/pdf,Text,"In copyright, educational use permitted. Educational use includes non-commercial reproduction of text and images in materials for teaching and research purposes. For other contexts beyond fair use, including digital reproduction, please contact the University of Idaho Library Special Collections and Archives Department at libspec@uidaho.edu. The University of Idaho Library is not liable for any violations of the law by users.",http://rightsstatements.org/vocab/InC-EDU/1.0/,eng,uicat_2007-2008.pdf,pdf,https://objects.lib.uidaho.edu/coursecatalogs/uicat_2007-2008.pdf,https://objects.lib.uidaho.edu/coursecatalogs/small/uicat_2007-2008_sm.jpg,https://objects.lib.uidaho.edu/coursecatalogs/thumbs/uicat_2007-2008_th.jpg
coursecatalogs033,University of Idaho 2008-09 Catalog,University of Idaho,"Scan of course catalog booklet, Vol. 104, No. 3",2008-04-30,catalogs,Special Collections and Archives Records,UICAT,Print booklet,application/pdf,Text,"In copyright, educational use permitted. Educational use includes non-commercial reproduction of text and images in materials for teaching and research purposes. For other contexts beyond fair use, including digital reproduction, please contact the University of Idaho Library Special Collections and Archives Department at libspec@uidaho.edu. The University of Idaho Library is not liable for any violations of the law by users.",http://rightsstatements.org/vocab/InC-EDU/1.0/,eng,uicat_2008-2009.pdf,pdf,https://objects.lib.uidaho.edu/coursecatalogs/uicat_2008-2009.pdf,https://objects.lib.uidaho.edu/coursecatalogs/small/uicat_2008-2009_sm.jpg,https://objects.lib.uidaho.edu/coursecatalogs/thumbs/uicat_2008-2009_th.jpg
coursecatalogs034,University of Idaho 2009-10 Catalog,University of Idaho,Scan of course catalog booklet,2009,catalogs,Special Collections and Archives Records,UICAT,Print booklet,application/pdf,Text,"In copyright, educational use permitted. Educational use includes non-commercial reproduction of text and images in materials for teaching and research purposes. For other contexts beyond fair use, including digital reproduction, please contact the University of Idaho Library Special Collections and Archives Department at libspec@uidaho.edu. The University of Idaho Library is not liable for any violations of the law by users.",http://rightsstatements.org/vocab/InC-EDU/1.0/,eng,uicat_2009-2010.pdf,pdf,https://objects.lib.uidaho.edu/coursecatalogs/uicat_2009-2010.pdf,https://objects.lib.uidaho.edu/coursecatalogs/small/uicat_2009-2010_sm.jpg,https://objects.lib.uidaho.edu/coursecatalogs/thumbs/uicat_2009-2010_th.jpg
coursecatalogs035,University of Idaho Catalog 2010-2011,University of Idaho,Scan of course catalog booklet,2010,catalogs,Special Collections and Archives Records,UICAT,Print booklet,application/pdf,Text,"In copyright, educational use permitted. Educational use includes non-commercial reproduction of text and images in materials for teaching and research purposes. For other contexts beyond fair use, including digital reproduction, please contact the University of Idaho Library Special Collections and Archives Department at libspec@uidaho.edu. The University of Idaho Library is not liable for any violations of the law by users.",http://rightsstatements.org/vocab/InC-EDU/1.0/,eng,uicat_2010-2011.pdf,pdf,https://objects.lib.uidaho.edu/coursecatalogs/uicat_2010-2011.pdf,https://objects.lib.uidaho.edu/coursecatalogs/small/uicat_2010-2011_sm.jpg,https://objects.lib.uidaho.edu/coursecatalogs/thumbs/uicat_2010-2011_th.jpg
coursecatalogs036,University of Idaho Catalog 2014-2015,University of Idaho,Scan of course catalog booklet,2014-04,catalogs,Special Collections and Archives Records,UICAT,Print booklet,application/pdf,Text,"In copyright, educational use permitted. Educational use includes non-commercial reproduction of text and images in materials for teaching and research purposes. For other contexts beyond fair use, including digital reproduction, please contact the University of Idaho Library Special Collections and Archives Department at libspec@uidaho.edu. The University of Idaho Library is not liable for any violations of the law by users.",http://rightsstatements.org/vocab/InC-EDU/1.0/,eng,uicat_2014-2015.pdf,pdf,https://objects.lib.uidaho.edu/coursecatalogs/uicat_2014-2015.pdf,https://objects.lib.uidaho.edu/coursecatalogs/small/uicat_2014-2015_sm.jpg,https://objects.lib.uidaho.edu/coursecatalogs/thumbs/uicat_2014-2015_th.jpg
coursecatalogs062,University of Idaho General Catalog 2015-2016 Academic Year,University of Idaho,Course catalog document,2015,catalogs,"Office of the Registrar, University of Idaho, https://www.uidaho.edu/registrar/classes/catalogs",UICAT,PDF,application/pdf,Text,"In copyright, educational use permitted. Educational use includes non-commercial reproduction of text and images in materials for teaching and research purposes. For other contexts beyond fair use, including digital reproduction, please contact the University of Idaho Library Special Collections and Archives Department at libspec@uidaho.edu. The University of Idaho Library is not liable for any violations of the law by users.",http://rightsstatements.org/vocab/InC-EDU/1.0/,eng,uicat_2015-2016.pdf,pdf,https://objects.lib.uidaho.edu/coursecatalogs/uicat_2015-2016.pdf,https://objects.lib.uidaho.edu/coursecatalogs/small/uicat_2015-2016_sm.jpg,https://objects.lib.uidaho.edu/coursecatalogs/thumbs/uicat_2015-2016_th.jpg
coursecatalogs058,University of Idaho General Catalog 2016-2017,University of Idaho,Course catalog document,2016,catalogs,"Office of the Registrar, University of Idaho, https://www.uidaho.edu/registrar/classes/catalogs",UICAT,PDF,application/pdf,Text,"In copyright, educational use permitted. Educational use includes non-commercial reproduction of text and images in materials for teaching and research purposes. For other contexts beyond fair use, including digital reproduction, please contact the University of Idaho Library Special Collections and Archives Department at libspec@uidaho.edu. The University of Idaho Library is not liable for any violations of the law by users.",http://rightsstatements.org/vocab/InC-EDU/1.0/,eng,uicat_2016-2017.pdf,pdf,https://objects.lib.uidaho.edu/coursecatalogs/uicat_2016-2017.pdf,https://objects.lib.uidaho.edu/coursecatalogs/small/uicat_2016-2017_sm.jpg,https://objects.lib.uidaho.edu/coursecatalogs/thumbs/uicat_2016-2017_th.jpg
coursecatalogs059,University of Idaho General Catalog 2017-2018,University of Idaho,Course catalog document,2017,catalogs,"Office of the Registrar, University of Idaho, https://www.uidaho.edu/registrar/classes/catalogs",UICAT,PDF,application/pdf,Text,"In copyright, educational use permitted. Educational use includes non-commercial reproduction of text and images in materials for teaching and research purposes. For other contexts beyond fair use, including digital reproduction, please contact the University of Idaho Library Special Collections and Archives Department at libspec@uidaho.edu. The University of Idaho Library is not liable for any violations of the law by users.",http://rightsstatements.org/vocab/InC-EDU/1.0/,eng,uicat_2017-2018.pdf,pdf,https://objects.lib.uidaho.edu/coursecatalogs/uicat_2017-2018.pdf,https://objects.lib.uidaho.edu/coursecatalogs/small/uicat_2017-2018_sm.jpg,https://objects.lib.uidaho.edu/coursecatalogs/thumbs/uicat_2017-2018_th.jpg
coursecatalogs063,University of Idaho 2018-2019 Catalog,University of Idaho,Course catalog document,2018,catalogs,"Office of the Registrar, University of Idaho, https://www.uidaho.edu/registrar/classes/catalogs",UICAT,PDF,application/pdf,Text,"In copyright, educational use permitted. Educational use includes non-commercial reproduction of text and images in materials for teaching and research purposes. For other contexts beyond fair use, including digital reproduction, please contact the University of Idaho Library Special Collections and Archives Department at libspec@uidaho.edu. The University of Idaho Library is not liable for any violations of the law by users.",http://rightsstatements.org/vocab/InC-EDU/1.0/,eng,uicat_2018-2019.pdf,pdf,https://objects.lib.uidaho.edu/coursecatalogs/uicat_2018-2019.pdf,https://objects.lib.uidaho.edu/coursecatalogs/small/uicat_2018-2019_sm.jpg,https://objects.lib.uidaho.edu/coursecatalogs/thumbs/uicat_2018-2019_th.jpg
coursecatalogs064,University of Idaho 2019-2020 Catalog,University of Idaho,Course catalog document,2019,catalogs,"Office of the Registrar, University of Idaho, https://www.uidaho.edu/registrar/classes/catalogs",UICAT,PDF,application/pdf,Text,"In copyright, educational use permitted. Educational use includes non-commercial reproduction of text and images in materials for teaching and research purposes. For other contexts beyond fair use, including digital reproduction, please contact the University of Idaho Library Special Collections and Archives Department at libspec@uidaho.edu. The University of Idaho Library is not liable for any violations of the law by users.",http://rightsstatements.org/vocab/InC-EDU/1.0/,eng,uicat_2019-2020.pdf,pdf,https://objects.lib.uidaho.edu/coursecatalogs/uicat_2019-2020.pdf,https://objects.lib.uidaho.edu/coursecatalogs/small/uicat_2019-2020_sm.jpg,https://objects.lib.uidaho.edu/coursecatalogs/thumbs/uicat_2019-2020_th.jpg
coursecatalogs065,University of Idaho 2020-2021 Catalog,University of Idaho,Course catalog document,2020,catalogs,"Office of the Registrar, University of Idaho, https://www.uidaho.edu/registrar/classes/catalogs",UICAT,PDF,application/pdf,Text,"In copyright, educational use permitted. Educational use includes non-commercial reproduction of text and images in materials for teaching and research purposes. For other contexts beyond fair use, including digital reproduction, please contact the University of Idaho Library Special Collections and Archives Department at libspec@uidaho.edu. The University of Idaho Library is not liable for any violations of the law by users.",http://rightsstatements.org/vocab/InC-EDU/1.0/,eng,uicat_2020-2021.pdf,pdf,https://objects.lib.uidaho.edu/coursecatalogs/uicat_2020-2021.pdf,https://objects.lib.uidaho.edu/coursecatalogs/small/uicat_2020-2021_sm.jpg,https://objects.lib.uidaho.edu/coursecatalogs/thumbs/uicat_2020-2021_th.jpg
coursecatalogs066,University of Idaho 2021-2022 Catalog,University of Idaho,Course catalog document,2021,catalogs,"Office of the Registrar, University of Idaho, https://www.uidaho.edu/registrar/classes/catalogs",UICAT,PDF,application/pdf,Text,"In copyright, educational use permitted. Educational use includes non-commercial reproduction of text and images in materials for teaching and research purposes. For other contexts beyond fair use, including digital reproduction, please contact the University of Idaho Library Special Collections and Archives Department at libspec@uidaho.edu. The University of Idaho Library is not liable for any violations of the law by users.",http://rightsstatements.org/vocab/InC-EDU/1.0/,eng,uicat_2021-2022.pdf,pdf,https://objects.lib.uidaho.edu/coursecatalogs/uicat_2021-2022.pdf,https://objects.lib.uidaho.edu/coursecatalogs/small/uicat_2021-2022_sm.jpg,https://objects.lib.uidaho.edu/coursecatalogs/thumbs/uicat_2021-2022_th.jpg
coursecatalogs067,University of Idaho 2022-2023 Catalog,University of Idaho,Course catalog document,2022,catalogs,"Office of the Registrar, University of Idaho, https://www.uidaho.edu/registrar/classes/catalogs",UICAT,PDF,application/pdf,Text,"In copyright, educational use permitted. Educational use includes non-commercial reproduction of text and images in materials for teaching and research purposes. For other contexts beyond fair use, including digital reproduction, please contact the University of Idaho Library Special Collections and Archives Department at libspec@uidaho.edu. The University of Idaho Library is not liable for any violations of the law by users.",http://rightsstatements.org/vocab/InC-EDU/1.0/,eng,uicat_2022-2023.pdf,pdf,https://objects.lib.uidaho.edu/coursecatalogs/uicat_2022-2023.pdf,https://objects.lib.uidaho.edu/coursecatalogs/small/uicat_2022-2023_sm.jpg,https://objects.lib.uidaho.edu/coursecatalogs/thumbs/uicat_2022-2023_th.jpg
coursecatalogs068,University of Idaho 2023-2024 Catalog,University of Idaho,Course catalog document,2023,catalogs,"Office of the Registrar, University of Idaho, https://www.uidaho.edu/registrar/classes/catalogs",UICAT,PDF,application/pdf,Text,"In copyright, educational use permitted. Educational use includes non-commercial reproduction of text and images in materials for teaching and research purposes. For other contexts beyond fair use, including digital reproduction, please contact the University of Idaho Library Special Collections and Archives Department at libspec@uidaho.edu. The University of Idaho Library is not liable for any violations of the law by users.",http://rightsstatements.org/vocab/InC-EDU/1.0/,eng,uicat_2023-2024.pdf,pdf,https://objects.lib.uidaho.edu/coursecatalogs/uicat_2023-2024.pdf,https://objects.lib.uidaho.edu/coursecatalogs/small/uicat_2023-2024_sm.jpg,https://objects.lib.uidaho.edu/coursecatalogs/thumbs/uicat_2023-2024_th.jpg
coursecatalogs060,University of Idaho 2024-2025 Catalog,University of Idaho,Course catalog document,2024,catalogs,"Office of the Registrar, University of Idaho, https://www.uidaho.edu/registrar/classes/catalogs",UICAT,PDF,application/pdf,Text,"In copyright, educational use permitted. Educational use includes non-commercial reproduction of text and images in materials for teaching and research purposes. For other contexts beyond fair use, including digital reproduction, please contact the University of Idaho Library Special Collections and Archives Department at libspec@uidaho.edu. The University of Idaho Library is not liable for any violations of the law by users.",http://rightsstatements.org/vocab/InC-EDU/1.0/,eng,uicat_2024-2025.pdf,pdf,https://objects.lib.uidaho.edu/coursecatalogs/uicat_2024-2025.pdf,https://objects.lib.uidaho.edu/coursecatalogs/small/uicat_2024-2025_sm.jpg,https://objects.lib.uidaho.edu/coursecatalogs/thumbs/uicat_2024-2025_th.jpg
coursecatalogs069,University of Idaho General Catalog 2011-2012 Academic Year,University of Idaho,Web archive capture of online course catalog edition,2011,catalogs,"Office of the Registrar, University of Idaho, https://www.uidaho.edu/registrar/classes/catalogs",,HTML,record,Text,"In copyright, educational use permitted. Educational use includes non-commercial reproduction of text and images in materials for teaching and research purposes. For other contexts beyond fair use, including digital reproduction, please contact the University of Idaho Library Special Collections and Archives Department at libspec@uidaho.edu. The University of Idaho Library is not liable for any violations of the law by users.",http://rightsstatements.org/vocab/InC-EDU/1.0/,eng,https://wayback.archive-it.org/30377/20250701174740/https://www.webpages.uidaho.edu/catalog/2011/,record,https://wayback.archive-it.org/30377/20250701174740/https://www.webpages.uidaho.edu/catalog/2011/,,
coursecatalogs070,University of Idaho General Catalog 2012-2013 Academic Year,University of Idaho,Web archive capture of online course catalog edition,2012,catalogs,"Office of the Registrar, University of Idaho, https://www.uidaho.edu/registrar/classes/catalogs",,HTML,record,Text,"In copyright, educational use permitted. Educational use includes non-commercial reproduction of text and images in materials for teaching and research purposes. For other contexts beyond fair use, including digital reproduction, please contact the University of Idaho Library Special Collections and Archives Department at libspec@uidaho.edu. The University of Idaho Library is not liable for any violations of the law by users.",http://rightsstatements.org/vocab/InC-EDU/1.0/,eng,https://wayback.archive-it.org/30377/20250701174826/https://www.webpages.uidaho.edu/catalog/2012/,record,https://wayback.archive-it.org/30377/20250701174826/https://www.webpages.uidaho.edu/catalog/2012/,,
coursecatalogs071,University of Idaho General Catalog 2013-2014 Academic Year,University of Idaho,Web archive capture of online course catalog edition,2013,catalogs,"Office of the Registrar, University of Idaho, https://www.uidaho.edu/registrar/classes/catalogs",,HTML,record,Text,"In copyright, educational use permitted. Educational use includes non-commercial reproduction of text and images in materials for teaching and research purposes. For other contexts beyond fair use, including digital reproduction, please contact the University of Idaho Library Special Collections and Archives Department at libspec@uidaho.edu. The University of Idaho Library is not liable for any violations of the law by users.",http://rightsstatements.org/vocab/InC-EDU/1.0/,eng,https://wayback.archive-it.org/30377/20250701175017/https://www.webpages.uidaho.edu/catalog/2013/,record,https://wayback.archive-it.org/30377/20250701175017/https://www.webpages.uidaho.edu/catalog/2013/,,
